"","ProductName","ProductRating","ReviewCount","Sale_Price","Regular_Price","Discount_percentage","ColourOptions","Warranty","Country_Of_Origin","Charging_Time","Charging_Duration","Category","Type"
"1","  Stone 1200  ",4.8,75,3299,6990,53,3,1,"China",4,9,"Wireless","wireless_speakers"
"2","  Party Pal 390  ",NA,0,14999,34990,57,1,1,"",NA,NA,"Wireless","wireless_speakers"
"3","  Stone 350  ",4.8,150,1299,3490,63,3,1,"China",1.5,NA,"Wireless","wireless_speakers"
"4","  Party Pal 200  ",NA,0,7999,9990,20,1,1,"China",4,NA,"Wireless","wireless_speakers"
"5","  Party Pal 185  ",NA,0,7499,17990,58,1,1,"",NA,NA,"Wireless","wireless_speakers"
"6","  Stone 1450  ",4.9,19,4499,8990,50,2,1,"China",NA,NA,"Wireless","wireless_speakers"
"7","  Stone 1208 Sunburn Edition  ",5,6,4099,6990,41,2,1,"China",4,9,"Wireless","wireless_speakers"
"8"," Stone 1010  ",5,1,3099,6990,56,2,1,"China",4,NA,"Wireless","wireless_speakers"
"9","  Stone Ignite  ",NA,0,8999,21990,59,1,1,"China",NA,NA,"Wireless","wireless_speakers"
"10"," Stone E 300 ",5,1,749,2990,75,1,1,"",NA,NA,"Wireless","wireless_speakers"
"11","  Stone 580  ",NA,0,1999,4990,60,2,1,"China",NA,NA,"Wireless","wireless_speakers"
"12","  Stone 180  ",4.8,21,1199,2490,52,3,1,"China",1.5,NA,"Wireless","wireless_speakers"
"13","  Party Pal 195  ",NA,0,7499,17990,58,1,1,"",NA,NA,"Wireless","wireless_speakers"
"14"," Stone 1000  ",4.8,69,2699,6990,61,2,1,"China",4,NA,"Wireless","wireless_speakers"
"15","  Party Pal 208  ",4.8,5,7999,19990,60,1,1,"China",4,NA,"Wireless","wireless_speakers"
"16","  Stone Symphony  ",NA,0,4299,8990,52,1,1,"China",4,NA,"Wireless","wireless_speakers"
"17","  Blitz 2000 Pro  ",4.7,13,6999,12990,46,1,1,"",NA,NA,"Wireless","wireless_speakers"
"18","  Stone 352 Thor Edition  ",NA,0,1699,3490,51,1,1,"",NA,NA,"Wireless","wireless_speakers"
"19"," Stone 149 ",4.9,11,749,2990,75,1,1,"",NA,NA,"Wireless","wireless_speakers"
"20","  Stone 193 DC Edition  ",5,3,1299,2999,57,3,1,"China",1.5,NA,"Wireless","wireless_speakers"
"21","  Blitz 1500 Pro  ",NA,0,5299,12990,59,1,1,"",NA,10,"Wireless","wireless_speakers"
"22","  Stone 105  ",4.5,15,999,2490,60,3,1,"",NA,NA,"Wireless","wireless_speakers"
"23"," Stone 250  ",4.8,27,1299,3990,67,2,1,"China",NA,9,"Wireless","wireless_speakers"
"24"," Stone 1200F  ",5,38,3699,6990,47,3,1,"China",4,9,"Wireless","wireless_speakers"
"25","  Stone 352 Hulk Edition  ",NA,0,1699,3490,51,1,1,"",NA,NA,"Wireless","wireless_speakers"
"26","  Stone 352 Deadpool Edition  ",NA,0,1699,3490,51,1,1,"",NA,NA,"Wireless","wireless_speakers"
"27"," Stone 200 ",4.8,20,1299,2990,57,2,1,"China",4,10,"Wireless","wireless_speakers"
"28","  Stone 190 Superman DC Edition  ",5,7,1299,2999,57,1,1,"China",1.5,NA,"Wireless","wireless_speakers"
"29","  Party Pal 300  ",4.7,15,12999,29990,57,1,1,"China",NA,NA,"Wireless","wireless_speakers"
"30","  Stone Beam  ",4.5,24,1999,4990,60,2,1,"China",NA,NA,"Wireless","wireless_speakers"
"31","  Stone 1208  ",4.5,2,4099,6990,41,3,1,"China",4,9,"Wireless","wireless_speakers"
"32","  Stone 1800  ",4.6,16,8999,21990,59,1,1,"",NA,NA,"Wireless","wireless_speakers"
"33"," Stone 800 ",NA,0,749,2990,75,1,1,"",NA,NA,"Wireless","wireless_speakers"
"34","  Stone 1000v2  ",4.9,22,2999,6990,57,3,1,"China",4,NA,"Wireless","wireless_speakers"
"35"," BLITZ 2000  ",4.5,2,5849,8990,35,1,1,"China",NA,NA,"Wireless","wireless_speakers"
"36","  Stone 650  ",4.9,110,1799,4990,64,3,1,"China",3.5,7,"Wireless","wireless_speakers"
"37","  Stone 350 Deadpool Edition  ",NA,0,1699,3490,51,1,1,"",NA,NA,"Wireless","wireless_speakers"
"38","  Stone Grenade Rtl  ",NA,0,1499,3990,62,5,1,"China",2,7,"Wireless","wireless_speakers"
"39","  Stone Grenade Pro ",5,2,1499,3990,62,1,1,"",NA,NA,"Wireless","wireless_speakers"
"40","  Party Pal 400  ",4.7,15,16999,34990,51,1,1,"",NA,10,"Wireless","wireless_speakers"
"41","  Stone 350 Thor Edition  ",NA,0,1699,3490,51,1,1,"",NA,NA,"Wireless","wireless_speakers"
"42"," Stone 190 DC Edition  ",5,23,1299,2999,57,3,1,"China",1.5,NA,"Wireless","wireless_speakers"
"43","  Rugby Plus  ",4.7,12,1999,4990,60,3,1,"China",NA,7,"Wireless","wireless_speakers"
"44","  Stone 190 Wonder Woman DC Edition  ",5,1,1299,2999,57,1,1,"China",1,NA,"Wireless","wireless_speakers"
"45"," Party Pal 63  ",4.7,7,5099,9990,49,1,1,"China",NA,4,"Wireless","wireless_speakers"
"46"," Party Pal 53  ",NA,0,3799,7990,52,1,1,"China",4.5,NA,"Wireless","wireless_speakers"
"47","  Stone 358  ",5,3,1799,3490,48,3,1,"China",NA,NA,"Wireless","wireless_speakers"
"48","  Stone 200 Pro  ",5,1,1699,2490,32,3,1,"China",4,12,"Wireless","wireless_speakers"
"49","  Stone 350 Hulk Edition  ",NA,0,1699,3490,51,1,1,"",NA,NA,"Wireless","wireless_speakers"
"50"," Blitz 1500  ",NA,0,3499,6990,50,1,1,"China",NA,NA,"Wireless","wireless_speakers"
"51","  Party Pal 320  ",NA,0,12999,29990,57,1,1,"China",4,NA,"Wireless","wireless_speakers"
"52"," Stone 193  ",NA,0,1299,2999,57,3,1,"China",1.5,NA,"Wireless","wireless_speakers"
"53"," BLITZ 2008  ",5,2,5199,8990,42,1,1,"China",NA,NA,"Wireless","wireless_speakers"
"54","Rockerz 610  ",4.7,3,1999,3990,50,2,1,"China",3,8,"Wireless","wireless_headphones"
"55","Immortal 700  ",5,3,2799,6990,60,1,1,"China",NA,NA,"Wireless","wireless_headphones"
"56","Bassheads 950v2  ",4.9,18,999,1990,50,3,1,"China",NA,NA,"Wireless","wireless_headphones"
"57","Rockerz 450 Black Panther Marvel Edition  ",4.9,13,1799,3990,55,1,1,"",NA,NA,"Wireless","wireless_headphones"
"58","Bassheads 900  ",4.8,172,899,2490,64,2,1,"China",NA,NA,"Wireless","wireless_headphones"
"59","Rockid Rush  ",NA,0,1499,2499,40,2,1,"China",NA,NA,"Wireless","wireless_headphones"
"60"," Rockerz 400  ",4.8,98,999,2990,67,4,1,"China",3,8,"Wireless","wireless_headphones"
"61","Rockerz 650 DC Edition  ",4.9,33,1999,3990,50,1,1,"China",NA,NA,"Wireless","wireless_headphones"
"62","assHeads 910  ",4.9,10,949,2490,62,1,1,"China",NA,NA,"Wireless","wireless_headphones"
"63","Immortal 400 ",4.7,7,1999,6990,71,1,1,"China",NA,NA,"Wireless","wireless_headphones"
"64","Rockerz 518  ",4.9,49,1599,3990,60,4,1,"China",3,20,"Wireless","wireless_headphones"
"65","Nirvana 751 ANC  ",5,1,4599,7990,42,3,1,"China",1,NA,"Wireless","wireless_headphones"
"66","Rockerz 450 Wonder Woman DC Edition  ",NA,0,1799,3990,55,1,1,"China",3,15,"Wireless","wireless_headphones"
"67","Rockerz 600  ",4.8,35,1999,3990,50,2,1,"China",3,8,"Wireless","wireless_headphones"
"68","Immortal 300  ",4.9,59,1999,4990,60,2,1,"China",NA,NA,"Wireless","wireless_headphones"
"69","Rockerz 450 Batman DC Edition  ",4.8,47,1799,3990,55,1,1,"China",3,15,"Wireless","wireless_headphones"
"70","Nirvanaa 1007ANC  ",4.5,2,8999,19999,55,1,1,"China",3,NA,"Wireless","wireless_headphones"
"71","Rockerz 450 Captain America Marvel Edition  ",4.7,6,1799,3990,55,1,1,"",NA,NA,"Wireless","wireless_headphones"
"72","Immortal 200 ",4.8,12,1999,4990,60,4,1,"China",NA,NA,"Wireless","wireless_headphones"
"73","Rockerz 600 KKR Edition  ",5,4,2499,4990,50,1,1,"China",3,8,"Wireless","wireless_headphones"
"74","Rockerz 450R  ",5,10,1599,3990,60,3,1,"China",3,15,"Wireless","wireless_headphones"
"75","Rockerz 450 Superman DC Edition  ",5,2,1799,3990,55,1,1,"China",3,15,"Wireless","wireless_headphones"
"76","Rockerz 450 DC Edition  ",4.9,15,1799,3990,55,3,1,"China",3,15,"Wireless","wireless_headphones"
"77","ockerz 450  ",4.8,270,1699,3990,57,3,1,"China",3,15,"Wireless","wireless_headphones"
"78","Rockerz 440 ",NA,0,999,2990,67,1,1,"",NA,NA,"Wireless","wireless_headphones"
"79","Rockerz 558 Sunburn Edition  ",4.8,31,2099,4999,58,3,1,"China",2.5,20,"Wireless","wireless_headphones"
"80","Rockerz 550  ",4.8,347,1999,4999,60,5,1,"China",2.5,20,"Wireless","wireless_headphones"
"81","Rockerz 390 V2  ",NA,0,1199,2990,60,1,1,"",2.5,12,"Wireless","wireless_headphones"
"82","Rockerz 650  ",4.8,30,1799,3990,55,3,1,"China",NA,NA,"Wireless","wireless_headphones"
"83","Rockerz 510  ",4.9,143,1599,3990,60,4,1,"China",3,20,"Wireless","wireless_headphones"
"84","Immortal 1300 ",4.8,10,3499,9990,65,4,1,"Vietnam",4.33,NA,"Wireless","wireless_headphones"
"85","Rockerz 551ANC  ",5,1,3299,7990,59,2,1,"China",NA,NA,"Wireless","wireless_headphones"
"86","Trebel Rockerz 550  ",4.9,18,1999,4999,60,2,1,"China",2.5,20,"Wireless","wireless_headphones"
"87","Rockerz 660  ",5,9,1899,3990,52,3,1,"",NA,NA,"Wireless","wireless_headphones"
"88","Nirvanaa 751 ANC  ",4.7,29,3999,7990,50,3,1,"China",1,NA,"Wireless","wireless_headphones"
"89","Rockerz 450 Pro  ",4.7,71,1999,3990,50,4,1,"China",NA,NA,"Wireless","wireless_headphones"
"90","Rockerz 650 Sunburn Edition  ",4.9,23,1999,4999,60,3,1,"China",NA,NA,"Wireless","wireless_headphones"
"91","Rockerz 410  ",4.8,6,1499,2990,50,4,1,"China",3,8,"Wireless","wireless_headphones"
"92","Immortal 1000D ",4.9,14,2399,5990,60,3,1,"China",NA,NA,"Wireless","wireless_headphones"
"93","Rockerz 460  ",4.9,30,1799,2490,28,3,1,"China",NA,NA,"Wireless","wireless_headphones"
"94","Rockerz 370  ",4.8,79,1199,2499,52,3,1,"China",NA,8,"Wireless","wireless_headphones"
"95","Rockerz 425  ",4.9,22,1499,2990,50,3,1,"China",NA,NA,"Wireless","wireless_headphones"
"96","Rockerz 450 Iron Man Marvel Edition  ",5,13,1799,3990,55,1,1,"",NA,NA,"Wireless","wireless_headphones"
"97","Rockerz 560  ",4.7,19,1999,3990,50,2,1,"China",2.5,NA,"Wireless","wireless_headphones"
"98","Nirvanaa 717 ANC  ",4.7,7,3499,7990,56,1,1,"China",3,NA,"Wireless","wireless_headphones"
"99","  Bassheads 202 - Make in India ",NA,0,499,999,50,1,1,"India",NA,NA,"Wired","wired_headphones"
"100","  TRebel BassHeads 100  ",4.8,18,399,999,60,3,1,"China",NA,NA,"Wired","wired_headphones"
"101","  BassHeads 182  ",4.8,112,499,1290,61,3,1,"China",NA,NA,"Wired","wired_headphones"
"102","   Nirvanaa DUO  ",NA,0,899,2990,70,1,1,"China",NA,NA,"Wired","wired_headphones"
"103","  BassHeads 122  ",4.9,50,499,1290,61,1,1,"China",NA,NA,"Wired","wired_headphones"
"104","  TRebel BassHeads 103  ",5,11,399,1290,69,5,1,"China",NA,NA,"Wired","wired_headphones"
"105","  BassHeads 180  ",4.8,12,699,999,30,6,1,"China",NA,NA,"Wired","wired_headphones"
"106","  BassHeads 162  ",4.9,26,399,1290,69,3,1,"China",NA,NA,"Wired","wired_headphones"
"107","   BassHeads 152 Sunburn Edition ",4.9,20,399,1299,69,2,1,"China",NA,NA,"Wired","wired_headphones"
"108","  BassHeads 172  ",4.8,137,399,1299,69,3,1,"China",NA,NA,"Wired","wired_headphones"
"109","   BassHeads 200 ",4.9,29,499,999,50,4,1,"China",NA,NA,"Wired","wired_headphones"
"110","  BassHeads 225  ",4.8,304,449,999,55,9,1,"China",NA,NA,"Wired","wired_headphones"
"111","  BassHeads 110  ",5,4,449,999,55,4,1,"China",NA,NA,"Wired","wired_headphones"
"112","  TRebel BassHeads 242  ",4.8,374,599,1490,60,7,1,"China",NA,NA,"Wired","wired_headphones"
"113","   BassHeads 152 - Made in India ",4.7,22,499,1290,61,2,1,"India",NA,NA,"Wired","wired_headphones"
"114","   BassHeads 242  ",4.9,34,499,1490,67,3,1,"China",NA,NA,"Wired","wired_headphones"
"115","  BassHeads 100  ",4.9,29,399,999,60,3,1,"India",NA,NA,"Wired","wired_headphones"
"116","   BassHeads 152  ",4.8,75,449,1290,65,5,1,"China",NA,NA,"Wired","wired_headphones"
"117","   Bassheads 100 RCB Edition  ",5,21,399,1499,73,1,1,"China",NA,NA,"Wired","wired_headphones"
"118","   Bassheads 172 KKR Edition ",5,1,499,1299,62,1,1,"China",NA,NA,"Wired","wired_headphones"
"119","  BassHeads 225  ",5,21,699,999,30,6,1,"China",NA,NA,"Wired","wired_headphones"
"120","   Bassheads 172 Sunburn Edition ",4.8,12,349,1299,73,2,1,"China",NA,NA,"Wired","wired_headphones"
"121","   BassHeads 104  ",4.8,90,399,999,60,5,1,"China",NA,NA,"Wired","wired_headphones"
"122","   Nirvanaa Uno  ",5,1,849,1990,57,1,1,"China",NA,NA,"Wired","wired_headphones"
"123","  BassHeads 103  ",4.8,642,499,1290,61,5,1,"China",NA,NA,"Wired","wired_headphones"
"124","  BassHeads 100  ",4.8,424,349,999,65,4,1,"China",NA,NA,"Wired","wired_headphones"
"125","  Bassheads 192 - Make in India ",4.8,9,449,999,55,1,1,"India",NA,NA,"Wired","wired_headphones"
"126","  BassHeads 228  ",4.8,25,499,1190,58,7,1,"China",NA,NA,"Wired","wired_headphones"
"127","   BassHeads 220 MKI ",4.8,24,699,999,30,5,1,"India",NA,NA,"Wired","wired_headphones"
"128","  BassHeads 220  ",4.9,46,499,999,50,6,1,"China",NA,NA,"Wired","wired_headphones"
"129","  TRebel BassHeads 102  ",NA,0,499,1290,61,3,1,"China",NA,NA,"Wired","wired_headphones"
"130","  BassHeads 102  ",4.8,157,499,1290,61,3,1,"China",NA,NA,"Wired","wired_headphones"
"131","  Nirvana CE-1Nirvana CE-1  ",5,6,1099,1990,45,1,1,"China",NA,NA,"Wired","wired_headphones"
"132","  BassHeads 225  ",5,1,449,999,55,6,1,"India",NA,NA,"Wired","wired_headphones"
"133","   BassHeads 152 KKR Edition ",4.8,21,549,1290,57,1,1,"China",NA,NA,"Wired","wired_headphones"
"134","  TRebel BassHeads 152  ",5,11,449,1290,65,7,1,"China",NA,NA,"Wired","wired_headphones"
"135","  BassHeads 132  ",5,1,499,1290,61,1,1,"China",NA,NA,"Wired","wired_headphones"
"136","Immortal 161  ",5,3,1199,3499,66,2,1,"China",1,NA,"Wireless","wireless_earbuds"
"137","Airdopes Hype  ",4.5,21,1599,5490,71,3,1,"India",NA,NA,"Wireless","wireless_earbuds"
"138","Airdopes 100  ",4.7,18,1499,3490,57,3,1,"China",2,NA,"Wireless","wireless_earbuds"
"139","Airdopes 141 Pro  ",4.9,42,1599,2990,47,3,1,"China",1,NA,"Wireless","wireless_earbuds"
"140"," Airdopes 141 Neo  ",4.5,15,1400,3990,65,4,1,"China",1,NA,"Wireless","wireless_earbuds"
"141","Airdopes 452  ",5,10,1699,4990,66,4,1,"China",0.83,NA,"Wireless","wireless_earbuds"
"142","Airdopes 701 ANC  ",4.7,6,3990,9990,60,1,1,"China",1,5,"Wireless","wireless_earbuds"
"143","Airdopes 431  ",4.8,62,1999,5999,67,3,1,"China",1,3,"Wireless","wireless_earbuds"
"144","Immortal 121  ",4.8,47,1099,3490,69,2,1,"China",1,NA,"Wireless","wireless_earbuds"
"145","Airdopes 281  ",4.7,41,2299,4999,54,2,1,"China",1,NA,"Wireless","wireless_earbuds"
"146","Airdopes 411 ANC  ",4.8,70,2499,4990,50,3,1,"China",1,NA,"Wireless","wireless_earbuds"
"147","Airdopes 501 ANC  ",5,19,4999,9990,50,5,1,"China",2,NA,"Wireless","wireless_earbuds"
"148","Airdopes 171  ",4.8,69,1799,5999,70,4,1,"China",2,NA,"Wireless","wireless_earbuds"
"149","Airdopes Genesis  ",4.8,6,1999,3999,50,3,1,"China",NA,NA,"Wireless","wireless_earbuds"
"150","Airdopes 191G  ",4.9,58,1399,3490,60,3,1,"China",0.5,NA,"Wireless","wireless_earbuds"
"151","Rebel Immortal 121 ",5,1,1699,3490,51,1,1,"China",2,NA,"Wireless","wireless_earbuds"
"152","Airdopes 175  ",4.9,26,1699,2990,43,4,1,"China",0.75,NA,"Wireless","wireless_earbuds"
"153","Airdopes 101  ",4.9,31,1199,2990,60,2,1,"India",2,15,"Wireless","wireless_earbuds"
"154","TRebel Airdopes 381  ",4.9,13,2199,4990,56,5,1,"China",1,NA,"Wireless","wireless_earbuds"
"155","Airdopes 491  ",NA,0,3499,6990,50,2,1,"China",4,5,"Wireless","wireless_earbuds"
"156"," Airdopes 131 PRO  ",4.9,182,999,2990,67,4,1,"China",0.5,NA,"Wireless","wireless_earbuds"
"157","TRebel Airdopes 171  ",5,3,1799,5999,70,3,1,"China",2,NA,"Wireless","wireless_earbuds"
"158","Airdopes 441  ",4.9,289,2499,5999,58,7,1,"China",1,NA,"Wireless","wireless_earbuds"
"159","Airdopes 138  ",5,9,1399,2990,53,7,1,"China",2,NA,"Wireless","wireless_earbuds"
"160","Airdopes 441 KKR Edition  ",5,1,2499,5999,58,1,1,"China",1,5,"Wireless","wireless_earbuds"
"161","Airdopes 201  ",4.8,43,1999,3999,50,4,1,"China",1,NA,"Wireless","wireless_earbuds"
"162"," Airdopes Max  ",5,83,1299,5490,76,3,1,"India",1,NA,"Wireless","wireless_earbuds"
"163","Airdopes 393 ANC  ",5,4,2499,4990,50,3,1,"China",0.83,NA,"Wireless","wireless_earbuds"
"164","Airdopes 383 Sunburn Edition ",5,9,2999,4999,40,2,1,"China",1,4,"Wireless","wireless_earbuds"
"165","Airdopes 408  ",NA,0,1999,5990,67,3,1,"China",2,30,"Wireless","wireless_earbuds"
"166","Airdopes 411 ANC  ",NA,0,2999,4990,40,3,1,"China",1,NA,"Wireless","wireless_earbuds"
"167","Airdopes 141  ",4.9,647,1099,4490,76,10,1,"China",1,NA,"Wireless","wireless_earbuds"
"168","Airdopes 381  ",4.8,122,2199,4990,56,9,1,"China",1,4,"Wireless","wireless_earbuds"
"169","Airdopes 170  ",5,29,1299,3490,63,6,1,"India",NA,NA,"Wireless","wireless_earbuds"
"170"," Airdopes 441 Sunburn Edition ",5,12,2499,5999,58,2,1,"China",1,NA,"Wireless","wireless_earbuds"
"171","Airdopes 172  ",5,2,1599,3490,54,3,1,"China",0.83,NA,"Wireless","wireless_earbuds"
"172","Airdopes 192  ",4.8,34,1999,3490,43,2,1,"India",NA,NA,"Wireless","wireless_earbuds"
"173"," Airdopes Alpha  ",4.9,13,1399,3490,60,3,1,"China",NA,NA,"Wireless","wireless_earbuds"
"174","Airdopes Sonik  ",5,2,1999,5990,67,2,1,"China",NA,NA,"Wireless","wireless_earbuds"
"175","Airdopes 138 TVS Edition  ",NA,0,1399,2990,53,7,1,"China",2,NA,"Wireless","wireless_earbuds"
"176","Airdopes Kick  ",5,6,1499,4990,70,3,1,"India",1,NA,"Wireless","wireless_earbuds"
"177","TRebel Airdopes Atom 81 ",NA,0,1499,3490,57,2,1,"China",2,NA,"Wireless","wireless_earbuds"
"178","Airdopes Crude  ",NA,0,1499,4990,70,2,1,"China",1,NA,"Wireless","wireless_earbuds"
"179","Airdopes 121 v2  ",4.8,569,1099,2999,63,3,1,"China",2,NA,"Wireless","wireless_earbuds"
"180","Airdopes 441 Pro  ",4.8,155,2999,5999,50,4,1,"China",1,NA,"Wireless","wireless_earbuds"
"181","irdopes 138 DC Edition  ",5,3,1299,2990,57,3,1,"China",2,NA,"Wireless","wireless_earbuds"
"182","Airdopes 200 Plus  ",4.5,15,1299,5490,76,3,1,"India",0.67,NA,"Wireless","wireless_earbuds"
"183","Airdopes 641  ",4.9,10,2999,6990,57,2,1,"China",1,6,"Wireless","wireless_earbuds"
"184","Airdopes 161 Pro  ",5,46,999,4990,80,3,1,"India",1,NA,"Wireless","wireless_earbuds"
"185","Airdopes 433  ",4.5,2,1999,5999,67,3,1,"China",1,3,"Wireless","wireless_earbuds"
"186"," Airdopes 418 ANC  ",NA,0,2699,4990,46,2,1,"China",1,NA,"Wireless","wireless_earbuds"
"187","Airdopes 711  ",5,7,4999,11990,58,1,1,"China",2,NA,"Wireless","wireless_earbuds"
"188","Airdopes 283  ",NA,0,2499,4999,50,2,1,"China",1,NA,"Wireless","wireless_earbuds"
"189"," Airdopes 121 PRO  ",4.9,45,999,2990,67,4,1,"China",0.5,NA,"Wireless","wireless_earbuds"
"190","Airdopes 148  ",5,8,1499,4490,67,3,1,"China",1,NA,"Wireless","wireless_earbuds"
"191","Airdopes 131  ",5,1,1299,2990,57,1,1,"China",2,NA,"Wireless","wireless_earbuds"
"192","Airdopes 131 RCB Edition  ",5,1,1299,2990,57,1,1,"China",NA,3,"Wireless","wireless_earbuds"
"193","Airdopes 500 ANC  ",5,4,4999,9999,50,3,1,"China",1,NA,"Wireless","wireless_earbuds"
"194","Immortal 150  ",4.9,20,1499,3499,57,2,1,"China",2,NA,"Wireless","wireless_earbuds"
"195","Airdopes Fuel  ",4.5,4,1699,4990,66,3,1,"China",1,NA,"Wireless","wireless_earbuds"
"196","Airdopes 138 PRO  ",NA,0,1599,2990,47,3,1,"China",0.5,NA,"Wireless","wireless_earbuds"
"197","Immortal 141  ",5,4,1299,3499,63,2,1,"China",1,NA,"Wireless","wireless_earbuds"
"198","Airdopes 131 Batman DC Edition  ",4.9,14,1299,2990,57,1,1,"China",2,NA,"Wireless","wireless_earbuds"
"199","Airdopes 190  ",4.9,41,1099,3499,69,2,1,"China",0.83,NA,"Wireless","wireless_earbuds"
"200","Rebel Airdopes 141  ",5,67,1399,4490,69,2,1,"China",1,NA,"Wireless","wireless_earbuds"
"201","Airdopes 458  ",NA,0,1999,4990,60,4,1,"China",2,NA,"Wireless","wireless_earbuds"
"202","Airdopes 173  ",5,6,2099,5999,65,3,1,"China",2,NA,"Wireless","wireless_earbuds"
"203","irdopes 131 DC Edition  ",5,11,1299,2990,57,3,1,"China",2,NA,"Wireless","wireless_earbuds"
"204","Airdopes Zing  ",NA,0,1599,3490,54,3,1,"China",NA,NA,"Wireless","wireless_earbuds"
"205","Rebel Airdopes 141 Pro ",NA,0,1599,2990,47,1,1,"China",1,NA,"Wireless","wireless_earbuds"
"206","rebel Airdopes 191G ",NA,0,1799,3490,48,2,1,"China",0.5,NA,"Wireless","wireless_earbuds"
"207","Nirvana Ion  ",5,55,2299,7990,71,4,1,"China",2,NA,"Wireless","wireless_earbuds"
"208","Airdopes 511 V2  ",4.6,5,2999,6999,57,2,1,"China",2,6,"Wireless","wireless_earbuds"
"209","Airdopes 461  ",4.6,21,2999,7990,62,2,1,"China",2,NA,"Wireless","wireless_earbuds"
"210","Airdopes 131  ",5,1,1299,2990,57,1,1,"China",2,NA,"Wireless","wireless_earbuds"
"211","Airdopes Ace  ",4.5,15,1199,3490,66,3,1,"India",NA,NA,"Wireless","wireless_earbuds"
"212","Rebel Airdopes 190 ",NA,0,1999,3499,43,1,1,"China",0.83,NA,"Wireless","wireless_earbuds"
"213","Airdopes 207  ",4.4,28,1499,4990,70,3,1,"",1,NA,"Wireless","wireless_earbuds"
"214","Immortal 125  ",4.5,23,1199,3499,66,2,1,"China",0.5,NA,"Wireless","wireless_earbuds"
"215","Airdopes 113  ",4.7,3,1299,2990,57,3,1,"China",0.5,NA,"Wireless","wireless_earbuds"
"216","Airdopes 131 KKR Edition ",5,7,1099,2990,63,1,1,"China",NA,3,"Wireless","wireless_earbuds"
"217","Immortal 101  ",5,3,1499,3299,55,2,1,"China",1,NA,"Wireless","wireless_earbuds"
"218","Immortal 170  ",4.7,7,1199,3499,66,2,1,"China",1,NA,"Wireless","wireless_earbuds"
"219"," Airdopes 402  ",4.8,478,2049,5990,66,3,1,"China",2,30,"Wireless","wireless_earbuds"
"220","Immortal 171  ",5,3,1299,3499,63,2,1,"China",1,NA,"Wireless","wireless_earbuds"
"221","Rebel Airdopes 172 ",NA,0,1599,3490,54,1,1,"China",0.83,NA,"Wireless","wireless_earbuds"
"222","Airdopes 391  ",5,1,2499,4990,50,3,1,"China",0.67,NA,"Wireless","wireless_earbuds"
"223","Airdopes 381 MKI  ",NA,0,2999,4990,40,2,1,"China",1,NA,"Wireless","wireless_earbuds"
"224","TRebel Airdopes 131  ",4.7,56,999,2990,67,3,1,"China",2,NA,"Wireless","wireless_earbuds"
"225","TRebel Airdopes 402  ",NA,0,2049,5990,66,1,1,"China",2,NA,"Wireless","wireless_earbuds"
"226","Airdopes Atom 83  ",4.6,24,1399,3490,60,4,1,"China",2,NA,"Wireless","wireless_earbuds"
"227","Airdopes 115  ",4.9,104,1299,2990,57,4,1,"China",0.5,NA,"Wireless","wireless_earbuds"
"228","Airdopes 131  ",4.8,1336,849,2990,72,14,1,"China",2,NA,"Wireless","wireless_earbuds"
"229","Airdopes Bliss ANC  ",4.6,8,1999,5990,67,3,1,"China",1,NA,"Wireless","wireless_earbuds"
"230","Airdopes 441  ",4.7,14,2499,5999,58,1,1,"China",1,NA,"Wireless","wireless_earbuds"
"231"," Immortal 128  ",5,1,1499,3490,57,2,1,"India",2,NA,"Wireless","wireless_earbuds"
"232","Airdopes 383  ",4.7,6,2999,4990,40,2,1,"China",1,NA,"Wireless","wireless_earbuds"
"233","Airdopes 441 Pro Special Batman Edition  ",5,89,3199,6990,54,1,1,"China",1,NA,"Wireless","wireless_earbuds"
"234","Airdopes 141 ANC  ",4.7,25,1599,5990,73,3,1,"",1,NA,"Wireless","wireless_earbuds"
"235","Trebel Airdopes 441  ",5,1,2499,5999,58,2,1,"China",1,NA,"Wireless","wireless_earbuds"
"236","Airdopes 621  ",4.9,34,2999,7990,62,2,1,"China",5,5,"Wireless","wireless_earbuds"
"237","Rebel Airdopes 121 v2 ",5,1,1299,2999,57,1,1,"China",2,NA,"Wireless","wireless_earbuds"
"238","Airdopes 443  ",NA,0,2699,5999,55,2,1,"China",1,5,"Wireless","wireless_earbuds"
"239","Immortal 131  ",5,7,1099,3490,69,2,1,"China",2,NA,"Wireless","wireless_earbuds"
"240","Airdopes 125  ",4.8,25,1299,4490,71,3,1,"India",NA,NA,"Wireless","wireless_earbuds"
"241","Airdopes 281 Pro  ",4.9,33,2499,6990,64,6,1,"China",0.67,32,"Wireless","wireless_earbuds"
"242"," TRebel Airdopes 131  ",4.7,56,999,2990,67,3,1,"China",2,NA,"Wireless","trbel"
"243","TRebel BassHeads 100  ",4.8,18,399,999,60,3,1,"China",NA,NA,"Wireless","trbel"
"244","TRebel Wave Infinity  ",NA,0,1999,7990,75,1,1,"China",NA,NA,"Wireless","trbel"
"245","TRebel BassHeads 102  ",NA,0,499,1290,61,3,1,"China",NA,NA,"Wireless","trbel"
"246"," Trebel Rockerz 255 Pro+  ",4.8,40,999,3990,75,2,1,"China",60,40,"Wireless","trbel"
"247","TRebel Wave Edge  ",5,4,2499,7990,69,3,1,"China",NA,NA,"Wireless","trbel"
"248","TRebel Rockerz 255 Pro  ",5,4,1399,3499,60,4,1,"China",1,6,"Wireless","trbel"
"249","TRebel Wave Beat Call  ",NA,0,1799,7990,77,1,1,"India",NA,NA,"Wireless","trbel"
"250"," Trebel Airdopes 441  ",5,1,2499,5999,58,2,1,"China",1.5,NA,"Wireless","trbel"
"251","TRebel Wave Call  ",5,2,1799,7990,77,2,1,"China",NA,NA,"Wireless","trbel"
"252"," TRebel Rockerz 235 V2  ",4.8,21,1199,2990,60,3,1,"China",1.5,NA,"Wireless","trbel"
"253","Trebel Airdopes 191G ",NA,0,1799,3490,48,2,1,"China",NA,NA,"Wireless","trbel"
"254","TRebel Accessory Pouch ",NA,0,499,899,44,1,1,"",NA,NA,"Wireless","trbel"
"255","TRebel Wave Style  ",NA,0,1999,5990,67,2,1,"China",NA,NA,"Wireless","trbel"
"256","TRebel BassHeads 152  ",5,11,449,1290,65,7,1,"China",NA,NA,"Wireless","trbel"
"257"," TRebel Airdopes 171  ",5,3,1799,5999,70,3,1,"China",2,NA,"Wireless","trbel"
"258","TRebel Airdopes 141 Pro ",NA,0,1599,2990,47,1,1,"China",1,NA,"Wireless","trbel"
"259"," TRebel Xtend‌  ",5,5,3499,7990,56,3,1,"China",NA,NA,"Wireless","trbel"
"260","TRebel Wave Beat  ",NA,0,1799,5990,70,3,1,"China",NA,NA,"Wireless","trbel"
"261"," Trebel Rockerz 550  ",4.9,18,1999,4999,60,2,1,"China",2.5,20,"Wireless","trbel"
"262","TRebel Airdopes 190 ",NA,0,1999,3499,43,1,1,"China",50,NA,"Wireless","trbel"
"263","TRebel Immortal 121 ",5,1,1699,3490,51,1,1,"China",2,NA,"Wireless","trbel"
"264"," TRebel Airdopes 402  ",NA,0,2049,5990,66,1,1,"China",2,NA,"Wireless","trbel"
"265","TRebel Airdopes Atom 81 ",NA,0,1499,3490,57,2,1,"China",2,NA,"Wireless","trbel"
"266","TRebel Airdopes 121 v2 ",5,1,1299,2999,57,1,1,"China",2,NA,"Wireless","trbel"
"267"," TRebel Blaze  ",5,8,3999,6990,43,3,1,"China",NA,NA,"Wireless","trbel"
"268"," TRebel Rockerz 333  ",5,10,1599,3990,60,1,1,"China",NA,NA,"Wireless","trbel"
"269","TRebel BassHeads 103  ",5,11,399,1290,69,5,1,"China",NA,NA,"Wireless","trbel"
"270","TRebel BassHeads 242  ",4.8,374,599,1490,60,7,1,"China",NA,NA,"Wireless","trbel"
"271","TRebel Watch Straps ",5,3,399,899,56,4,1,"",NA,NA,"Wireless","trbel"
"272"," TRebel Rockerz 330 Pro  ",5,7,1799,2990,40,1,1,"China",NA,NA,"Wireless","trbel"
"273","TRebel Wave Style Call  ",4,1,2199,7990,72,3,1,"China",NA,NA,"Wireless","trbel"
"274"," TRebel Airdopes 381  ",4.9,13,2199,4990,56,5,1,"China",1,NA,"Wireless","trbel"
"275","TRebel Airdopes 172 ",NA,0,1599,3490,54,1,1,"China",50,NA,"Wireless","trbel"
"276"," TRebel Airdopes 181  ",4.8,15,1499,2990,50,2,1,"",NA,NA,"Wireless","trbel"
"277","TRebel Airdopes 141  ",5,67,1399,4490,69,2,1,"China",1,NA,"Wireless","trbel"
"278"," Airdopes 131  ",5,1,1299,2990,57,1,1,"China",2,NA,"Wireless","supersale"
"279"," Stone 193 DC Edition  ",5,3,1299,2999,57,3,1,"China",1.5,NA,"Wireless","supersale"
"280"," Airdopes 131 Captain America Marvel Edition  ",4.9,43,1299,2990,57,1,1,"",NA,NA,"Wireless","supersale"
"281"," Watch Xtend‌ Batman DC Edition  ",5,1,1899,3990,52,1,1,"China",NA,NA,"Wireless","supersale"
"282"," Stone 190 Wonder Woman DC Edition  ",5,1,1299,2999,57,1,1,"China",1.5,NA,"Wireless","supersale"
"283","Airdopes 131 DC Edition  ",5,11,1299,2990,57,3,1,"China",2,NA,"Wireless","supersale"
"284"," Watch Xtend‌ Batman DC Edition  ",NA,0,1899,3990,52,1,1,"China",NA,NA,"Wireless","supersale"
"285"," Watch Xtend‌ Superman DC Edition  ",NA,0,1899,3990,52,1,1,"China",NA,NA,"Wireless","supersale"
"286"," Airdopes 131  ",5,1,1299,2990,57,1,1,"China",2,NA,"Wireless","supersale"
"287"," Watch Xtend‌ Wonder Woman DC Edition  ",NA,0,1899,3990,52,1,1,"China",NA,NA,"Wireless","supersale"
"288"," Airdopes 131 Black Panther Marvel Edition  ",5,60,1299,2990,57,1,1,"",NA,NA,"Wireless","supersale"
"289"," Airdopes 131 Iron Man Marvel Edition  ",4.9,70,1299,2990,57,1,1,"",NA,NA,"Wireless","supersale"
"290"," Stone 190 Superman DC Edition  ",5,7,1299,2999,57,1,1,"China",1.5,NA,"Wireless","supersale"
"291","Airdopes 138 DC Edition  ",5,3,1299,2990,57,3,1,"China",2,NA,"Wireless","supersale"
"292","Storm  ",4.8,1008,999,5990,83,6,1,"China",2.5,8,"Wireless","SmartWatches"
"293","Wave Electra  ",4.8,29,1699,7990,79,4,1,"China",2,7,"Wireless","SmartWatches"
"294","Lunar Prime  ",4.6,14,2199,8999,76,6,1,"",0.5,NA,"Wireless","SmartWatches"
"295","Wave Elevate Pro  ",4.5,15,2999,10999,73,4,1,"",NA,NA,"Wireless","SmartWatches"
"296"," Ultima Vogue  ",4.6,15,2999,10999,73,5,1,"",NA,NA,"Wireless","SmartWatches"
"297","Wave Fit Call  ",NA,0,3499,6990,50,2,1,"China",2,8,"Wireless","SmartWatches"
"298","Wave Elevate  ",4.5,2,1999,6499,69,4,1,"",NA,NA,"Wireless","SmartWatches"
"299","Wave Infinity  ",5,1,1999,7990,75,4,1,"China",2,7,"Wireless","SmartWatches"
"300"," Matrix  ",5,13,1499,11990,87,3,1,"",NA,NA,"Wireless","SmartWatches"
"301","Wave Elite  ",4.8,31,2499,6990,64,2,1,"India",30,7,"Wireless","SmartWatches"
"302"," Lunar Connect Ace  ",5,6,2499,9499,74,6,1,"India",2,10,"Wireless","SmartWatches"
"303","Storm Pro Call  ",5,10,1999,9799,80,4,1,"India",30,7,"Wireless","SmartWatches"
"304","Lunar Vista  ",4.6,14,1799,7999,78,5,1,"",NA,NA,"Wireless","SmartWatches"
"305"," Xtend Plus  ",4.8,12,2699,8999,70,4,1,"India",2,14,"Wireless","SmartWatches"
"306","Watch Xtend‌ Batman DC Edition  ",5,1,1899,3990,52,1,1,"China",2,7,"Wireless","SmartWatches"
"307","Wave Call Plus  ",4.8,13,1499,7990,81,4,1,"India",2,7,"Wireless","SmartWatches"
"308","Wave Pro  ",5,12,1999,6990,71,4,1,"India",NA,7,"Wireless","SmartWatches"
"309","Wave Edge  ",4.9,54,1499,7990,81,4,1,"China",2,7,"Wireless","SmartWatches"
"310","Lunar Peak  ",NA,0,2699,6999,61,3,1,"",NA,NA,"Wireless","SmartWatches"
"311","Lunar Mirage  ",NA,0,1999,8499,75,6,1,"",NA,NA,"Wireless","SmartWatches"
"312","Wave Fury  ",4.9,16,1299,6999,81,5,1,"India",3,5,"Wireless","SmartWatches"
"313","Wave Call 2  ",4.9,26,1299,6999,81,5,1,"India",2,6,"Wireless","SmartWatches"
"314","Lunar Orb  ",5,1,2299,8999,74,6,1,"",NA,NA,"Wireless","SmartWatches"
"315","Lunar Seek  ",4.6,14,1299,6999,81,5,1,"",NA,NA,"Wireless","SmartWatches"
"316","Wave Play  ",4.7,19,2999,5990,50,4,1,"China",2.5,15,"Wireless","SmartWatches"
"317","Primia Curv  ",4.6,15,3199,9499,64,4,1,"India",1.5,5,"Wireless","SmartWatches"
"318","Enigma R32  ",NA,0,3299,9999,67,3,1,"",NA,NA,"Wireless","SmartWatches"
"319","Wave Force  ",4.5,4,1699,9999,83,2,1,"India",2,7,"Wireless","SmartWatches"
"320","Lunar Comet  ",NA,0,1499,6999,79,5,1,"",NA,NA,"Wireless","SmartWatches"
"321","Wave Primia Talk  ",5,1,4299,10999,61,3,1,"India",30,10,"Wireless","SmartWatches"
"322","Lunar Connect  ",4.9,15,1799,7999,78,4,1,"India",2,7,"Wireless","SmartWatches"
"323","Wave Astra  ",4.4,26,1899,6999,73,3,1,"India",2,4,"Wireless","SmartWatches"
"324","Wave Flex Connect  ",4.8,31,1499,7990,81,3,1,"India",2,7,"Wireless","SmartWatches"
"325","Lunar Connect Pro  ",4.8,8,3699,10999,66,4,1,"China",0.5,10,"Wireless","SmartWatches"
"326","Wave Lynk Voice  ",5,3,2499,6499,62,2,1,"India",2.5,7,"Wireless","SmartWatches"
"327","Primia Celestial  ",4.6,14,1899,7999,76,4,1,"",NA,NA,"Wireless","SmartWatches"
"328","Wave Style  ",4.7,19,2999,5990,50,4,1,"China",2.5,15,"Wireless","SmartWatches"
"329","Wave Style Call  ",4.5,2,1099,7990,86,4,1,"India",2.5,7,"Wireless","SmartWatches"
"330","Storm Call 2  ",4.8,20,1299,6999,81,5,1,"India",0.5,6,"Wireless","SmartWatches"
"331"," Wave Call  ",4.9,50,1599,7990,80,5,1,"China",2.5,7,"Wireless","SmartWatches"
"332","Wave Stride Voice  ",4.4,16,1999,7990,75,3,1,"India",2,10,"Wireless","SmartWatches"
"333","Lunar Call Pro  ",4.8,9,3499,6990,50,4,1,"China",0.5,10,"Wireless","SmartWatches"
"334","Wave Neo  ",4.7,21,1299,5990,78,3,1,"China",2,7,"Wireless","SmartWatches"
"335","Watch Flash  ",4.8,83,1499,6990,79,3,1,"China",2,7,"Wireless","SmartWatches"
"336","Ultima Chronos  ",4.8,5,2300,8999,74,6,1,"India",1.5,NA,"Wireless","SmartWatches"
"337","Wave Active  ",5,2,1599,6499,75,4,1,"India",2,7,"Wireless","SmartWatches"
"338","Flash Plus  ",NA,0,1999,6499,69,4,1,"India",2,5,"Wireless","SmartWatches"
"339","Ultima Connect Max  ",5,2,2499,8999,72,4,1,"India",0.5,10,"Wireless","SmartWatches"
"340","Ultima Prism  ",5,2,2199,8999,69,6,1,"",NA,NA,"Wireless","SmartWatches"
"341","Wave Smart Call  ",4.8,4,1499,6499,77,2,1,"India",2.5,7,"Wireless","SmartWatches"
"342","Rebel Wave Call  ",5,2,1799,7990,77,2,1,"China",2.5,7,"Wireless","SmartWatches"
"343","Storm Pro  ",5,10,1499,6990,79,4,1,"China",30,7,"Wireless","SmartWatches"
"344","Enigma X600  ",NA,0,4499,12999,65,3,1,"",NA,NA,"Wireless","SmartWatches"
"345","Wave Arcade  ",4.9,52,2199,7990,72,4,1,"China",2,7,"Wireless","SmartWatches"
"346","Wave Vivid  ",4.5,15,2999,7999,63,4,1,"",NA,NA,"Wireless","SmartWatches"
"347"," Xtend‌ Sport  ",4.9,17,1199,6990,83,3,1,"",NA,NA,"Wireless","SmartWatches"
"348","Wave Convex  ",NA,0,2999,9499,67,3,1,"",NA,NA,"Wireless","SmartWatches"
"349","Wave Beat Call  ",4.8,17,1499,6499,77,3,1,"India",2.5,7,"Wireless","SmartWatches"
"350","Lunar Connect Plus  ",NA,0,2999.99,10999,73,3,1,"India",2,15,"Wireless","SmartWatches"
"351"," Armour  ",5,3,2499,9999,75,2,1,"India",2,7,"Wireless","SmartWatches"
"352","Wave Pro 47  ",4.9,18,2999,6990,57,4,1,"India",NA,7,"Wireless","SmartWatches"
"353","Wave Ultima Max  ",NA,0,3999,5990,33,3,1,"China",2,15,"Wireless","SmartWatches"
"354","Wave Neo Plus  ",5,1,1399,6499,78,4,1,"India",2,5,"Wireless","SmartWatches"
"355","Mystiq  ",4.9,7,4299,8990,38,3,1,"",NA,NA,"Wireless","SmartWatches"
"356","Storm Call  ",4.8,27,1499,7990,81,4,1,"China",2.5,7,"Wireless","SmartWatches"
"357","Xtend Call Plus  ",4.8,12,1499,8499,82,4,1,"India",2,7,"Wireless","SmartWatches"
"358","Wave Lite  ",4.9,61,1499,6990,79,4,1,"China",2.5,7,"Wireless","SmartWatches"
"359","Lunar Call  ",NA,0,1699,7999,79,3,1,"India",2,7,"Wireless","SmartWatches"
"360","ave Ultima  ",4.9,15,1499,5990,75,3,1,"China",2,15,"Wireless","SmartWatches"
"361","Wave Genesis  ",NA,0,1999,6499,69,4,1,"",0.5,NA,"Wireless","SmartWatches"
"362","Wave Leap Call  ",4.9,9,1499,6990,79,3,1,"India",2,10,"Wireless","SmartWatches"
"363","Wave Glory  ",4.4,17,2399,6499,63,2,1,"China",2,7,"Wireless","SmartWatches"
"364","Primia Ace  ",NA,0,3299,9499,65,3,1,"India",2,10,"Wireless","SmartWatches"
"365","Wave Genesis Pro  ",4.5,13,2999,11999,73,4,1,"",NA,NA,"Wireless","SmartWatches"
"366","atch‌ Primia  ",5,20,5000,8990,44,2,1,"China",NA,NA,"Wireless","SmartWatches"
"367"," Ultima Call Max  ",5,4,2499,8499,71,4,1,"India",2,10,"Wireless","SmartWatches"
"368","Watch Xtend‌ Batman DC Edition  ",NA,0,1899,3990,52,1,1,"China",2,7,"Wireless","SmartWatches"
"369","Storm Plus  ",5,4,2299,8999,74,7,1,"India",2,14,"Wireless","SmartWatches"
"370","Enigma X500  ",NA,0,4299,12999,67,3,1,"",NA,NA,"Wireless","SmartWatches"
"371","Lunar Space  ",5,1,1899,5990,68,4,1,"India",2,5,"Wireless","SmartWatches"
"372","Wave Max  ",5,3,1499,6990,79,4,1,"India",0.5,12,"Wireless","SmartWatches"
"373","Storm Connect Plus  ",NA,0,1399,8499,84,4,1,"India",2,7,"Wireless","SmartWatches"
"374","Lunar Call Plus  ",5,6,2999,9999,70,3,1,"India",2,15,"Wireless","SmartWatches"
"375","Lunar Fit  ",NA,0,3699,6990,47,4,1,"China",2,7,"Wireless","SmartWatches"
"376","Wave Sigma  ",NA,0,1299,7499,83,6,1,"India",2,6,"Wireless","SmartWatches"
"377","Wave Beat  ",4.9,43,2999,5990,50,4,1,"China",2.5,15,"Wireless","SmartWatches"
"378","Xtend Talk  ",4.9,40,3999,6990,43,3,1,"China",2,8,"Wireless","SmartWatches"
"379","Xtend‌  ",4.8,148,1899,7990,76,5,1,"China",2,7,"Wireless","SmartWatches"
"380","Wave Connect Plus  ",NA,0,2499,7999,69,3,1,"India",2,6,"Wireless","SmartWatches"
"381","Wave Style Call ICC Edition  ",NA,0,4999,7999,38,1,1,"",NA,NA,"Wireless","SmartWatches"
"382","arty Pal 50  ",4.8,6,3699,7990,54,1,1,"China",4.5,NA,"Wireless","party_pal"
"383","Party Pal 300  ",4.7,15,12999,29990,57,1,1,"China",NA,NA,"Wireless","party_pal"
"384"," Party Pal 208  ",4.8,5,7999,19990,60,1,1,"China",4,7,"Wireless","party_pal"
"385","Party Pal 200  ",NA,0,7999,9990,20,1,1,"China",4,7,"Wireless","party_pal"
"386","Party Pal 23  ",NA,0,3099,5490,44,1,1,"China",2,NA,"Wireless","party_pal"
"387","arty Pal 63  ",4.7,7,5099,9990,49,1,1,"China",3.5,NA,"Wireless","party_pal"
"388","arty Pal 53  ",NA,0,3799,7990,52,1,1,"China",4.5,NA,"Wireless","party_pal"
"389","arty Pal 20  ",4.9,20,2999,5490,45,1,1,"China",2,NA,"Wireless","party_pal"
"390","arty Pal 60  ",4.9,16,4999,9990,50,1,1,"China",3.5,NA,"Wireless","party_pal"
"391","Party Pal 320  ",NA,0,12999,29990,57,1,1,"China",4,NA,"Wireless","party_pal"
"392","Misfit T30 Trimmer ",4.8,5,599,1499,60,2,1,"",1,NA,"Wireless","misfit"
"393","Misfit T200 3-in-1 Grooming Kit for Men  ",4.8,17,1499,3999,63,1,1,"",NA,NA,"Wireless","misfit"
"394","Misfit T150 Trimmer ",4.8,8,1299,3499,63,1,1,"",1,NA,"Wireless","misfit"
"395","Misfit T50 Lite ",4.7,7,799,1999,60,1,1,"",1,NA,"Wireless","misfit"
"396","Misfit Groom 700 5 in 1  ",4.8,9,1999,6999,71,2,1,"",1,NA,"Wireless","misfit"
"397","Groom 300  ",4.7,7,749,2999,75,1,1,"",1,NA,"Wireless","misfit"
"398","Groom 700  ",4.7,7,1099,4499,76,2,1,"",1,NA,"Wireless","misfit"
"399","Misfit Groom 700 3 in 1  ",4.8,8,1599,5499,71,2,1,"",1,NA,"Wireless","misfit"
"400","Misfit Groom 100  ",4.7,7,649,2499,74,2,1,"",1,NA,"Wireless","misfit"
"401","Misfit Groom 100 5 in 1  ",4.7,7,999,3999,75,2,1,"",1,NA,"Wireless","misfit"
"402","Misfit T200 ",4.9,42,1499,3999,63,1,1,"",1,NA,"Wireless","misfit"
"403","Misfit Groom 100 3 in 1  ",4.8,8,799,3499,77,2,1,"",1,NA,"Wireless","misfit"
"404","Misfit T50 Trimmer ",4.9,20,799,2499,68,3,1,"",1,NA,"Wireless","misfit"
"405","Airdopes 131 RCB Edition  ",5,1,1299,2990,57,1,1,"China",NA,3,"Wireless","limited_edition"
"406","Rockerz 255 KKR Edition  ",4.8,5,1099,2990,63,1,1,"China",NA,6,"Wireless","limited_edition"
"407","Rockerz 600 KKR Edition  ",5,4,2499,4990,50,1,1,"China",3,8,"Wireless","limited_edition"
"408","BassHeads 152 KKR Edition ",4.8,21,549,1290,57,1,1,"China",NA,NA,"Wireless","limited_edition"
"409","Airdopes 441 KKR Edition  ",5,1,2499,5999,58,1,1,"China",1.5,5,"Wireless","limited_edition"
"410","Stone 170 LFW Edition  ",4.9,28,1299,2490,48,3,1,"",4,NA,"Wireless","limited_edition"
"411","Airdopes 131 KKR Edition ",5,7,1099,2990,63,1,1,"China",NA,3,"Wireless","limited_edition"
"412","Bassheads 100 RCB Edition  ",5,21,399,1499,73,1,1,"China",NA,NA,"Wireless","limited_edition"
"413","Bassheads 172 KKR Edition ",5,1,499,1299,62,1,1,"China",NA,NA,"Wireless","limited_edition"
"414"," Immortal 170  ",4.7,7,1199,3499,66,2,1,"China",1.5,40,"Wireless","immortal_gaming"
"415","  Immortal 1300 ",4.8,10,3499,9990,65,4,1,"Vietnam",4.33,NA,"Wireless","immortal_gaming"
"416"," Immortal 700  ",5,3,2799,6990,60,1,1,"China",NA,NA,"Wireless","immortal_gaming"
"417"," Immortal 171  ",5,3,1299,3499,63,2,1,"China",1.5,40,"Wireless","immortal_gaming"
"418","TRebel Immortal 121 ",5,1,1699,3490,51,1,1,"China",2,40,"Wireless","immortal_gaming"
"419"," Immortal 128  ",5,1,1499,3490,57,2,1,"India",2,40,"Wireless","immortal_gaming"
"420"," Immortal 200 ",4.8,12,1999,4990,60,4,1,"China",NA,NA,"Wireless","immortal_gaming"
"421"," Immortal 150  ",4.9,20,1499,3499,57,2,1,"China",NA,40,"Wireless","immortal_gaming"
"422"," Immortal 121  ",4.8,47,1099,3490,69,2,1,"China",1.5,40,"Wireless","immortal_gaming"
"423"," Immortal 125  ",4.5,23,1199,3499,66,2,1,"China",NA,10,"Wireless","immortal_gaming"
"424"," Immortal 161  ",5,3,1199,3499,66,2,1,"China",1.5,40,"Wireless","immortal_gaming"
"425"," Immortal 131  ",5,7,1099,3490,69,2,1,"China",2,40,"Wireless","immortal_gaming"
"426"," Immortal 141  ",5,4,1299,3499,63,2,1,"China",1.5,30,"Wireless","immortal_gaming"
"427"," Immortal 300  ",4.9,59,1999,4990,60,2,1,"China",NA,NA,"Wireless","immortal_gaming"
"428"," Immortal 400 ",4.7,7,1999,6990,71,1,1,"China",NA,NA,"Wireless","immortal_gaming"
"429"," Immortal 101  ",5,3,1499,3299,55,2,1,"China",1.5,30,"Wireless","immortal_gaming"
"430","Aavante Bar Rhythm  ",NA,0,4999,7990,37,1,1,"India",NA,NA,"Wireless","home_audio"
"431","Aavante Bar 1300  ",4.7,7,4999,8990,44,1,1,"China",NA,NA,"Wireless","home_audio"
"432","Aavante Bar Theme  ",NA,0,10999,21990,50,1,1,"India",NA,NA,"Wireless","home_audio"
"433","Aavante Bar 2700  ",NA,0,12999,29990,57,1,1,"",NA,NA,"Wireless","home_audio"
"434","Aavante Bar 1800 v2  ",5,1,11499,19990,42,1,1,"China",NA,NA,"Wireless","home_audio"
"435","Aavante Bar 2400  ",NA,0,9999,19990,50,1,1,"China",NA,NA,"Wireless","home_audio"
"436","Aavante Bar 3100D  ",4.8,17,14999,24990,40,1,1,"China",NA,NA,"Wireless","home_audio"
"437","Aavante Bar 1850D  ",5,1,11999,34490,65,1,1,"China",NA,NA,"Wireless","home_audio"
"438"," Aavante 3150D  ",NA,0,11999,24990,52,1,1,"",NA,NA,"Wireless","home_audio"
"439","Aavante Bar 1150  ",5,1,5299,9990,47,1,1,"China",NA,NA,"Wireless","home_audio"
"440","avante Bar Raga  ",NA,0,5499,15990,66,1,1,"India",NA,NA,"Wireless","home_audio"
"441","Aavante Bar Thump  ",4.9,9,8999,15990,44,1,1,"India",NA,NA,"Wireless","home_audio"
"442","Aavante Bar 2050  ",4.9,46,10999,24990,56,1,1,"China",NA,NA,"Wireless","home_audio"
"443","Aavante Bar 2500  ",NA,0,9999,19990,50,1,1,"China",NA,NA,"Wireless","home_audio"
"444","Aavante Bar 1580  ",NA,0,9999,16990,41,1,1,"China",NA,NA,"Wireless","home_audio"
"445","Aavante Bar 1750  ",4.5,4,8999,19990,55,1,1,"China",NA,NA,"Wireless","home_audio"
"446","Aavante Bar 520  ",5,2,1699,3990,57,1,1,"China",NA,NA,"Wireless","home_audio"
"447","Aavante Bar Tune  ",NA,0,3999,7990,50,1,1,"India",NA,NA,"Wireless","home_audio"
"448"," Energyshroom PB10  ",5,1,949,1999,53,2,1,NA,NA,NA,"NA","PowerBank"
"449","  EnergyShroom PB255 ",NA,0,1399,2990,53,3,1,NA,NA,NA,"NA","PowerBank"
"450","Energyshroom PB300 Avenger Edition  ",NA,0,1099,2999,63,1,1,NA,NA,NA,"NA","PowerBank"
"451","Energyshroom PB08 ",NA,0,799,1999,60,3,1,NA,NA,NA,"NA","PowerBank"
"452","Energyshroom PB300 Black Panther Edition  ",NA,0,1099,2999,63,1,1,NA,NA,NA,"NA","PowerBank"
"453"," EnergyShroom PB200 ",5,1,1199,2490,52,3,1,NA,NA,NA,"NA","PowerBank"
"454","EnergyShroom PB300  ",4.5,18,1099,2999,63,4,1,NA,NA,NA,"NA","PowerBank"
"455"," Energyshroom PB9  ",5,2,949,1999,53,1,1,NA,NA,NA,"NA","PowerBank"
"456"," EnergyShroom PB250 ",NA,0,1399,2990,53,3,1,NA,NA,NA,"NA","PowerBank"
"457"," Energyshroom PB18  ",NA,0,1399,2499,44,3,1,NA,NA,NA,"NA","PowerBank"
"458"," EnergyShroom PB100 ",NA,0,799,1490,46,3,1,NA,NA,NA,"NA","PowerBank"
"459"," EnergyShroom PB150 ",NA,0,999,1990,50,2,1,NA,NA,NA,"NA","PowerBank"
"460"," Energyshroom PB400  ",4.6,21,1499,4499,67,2,1,NA,NA,NA,"NA","PowerBank"
"461"," EnergyShroom PB 155 ",NA,0,999,1990,50,3,1,NA,NA,NA,"NA","PowerBank"
"462"," Energyshroom PB20  ",NA,0,1099,1999,45,3,1,NA,NA,NA,"NA","PowerBank"
"463"," Energyshroom PB06 ",NA,0,599,999,40,3,1,NA,NA,NA,"NA","PowerBank"
"464"," EnergyShroom PB105 ",NA,0,799,1490,46,3,1,NA,NA,NA,"NA","PowerBank"
"465"," Dual Port Rapid Car Charger (Qualcomm Certified)  ",4.9,15,599,899,33,1,2,"",NA,NA,"Wireless","car_acc"
"466"," Dual QC-PD Port Rapid Car Charger With Power Delivery Cable ",5,5,699,1499,53,1,2,"",NA,NA,"Wireless","car_acc"
"467"," Dual QC-PD Port Rapid Car Charger with Micro USB cable ",4.8,5,599,1499,60,1,2,"",NA,NA,"Wireless","car_acc"
"468"," 3A Qualcomm 3.0 Turbo Car Charger ",4.9,13,499,999,50,1,2,"China",NA,NA,"Wireless","car_acc"
"469"," Dual QC-PD Port Rapid Car Charger With Type C Cable ",4.9,10,599,1499,60,1,2,"",NA,NA,"Wireless","car_acc"
"470"," Dual QC-PD Port Rapid Car Charger ",NA,0,499,1499,67,1,2,"",NA,NA,"Wireless","car_acc"
"471"," Dual Port Rapid Car Charger (Qualcomm Certified) with Micro-USB Cable ",5,5,499,999,50,1,2,"",NA,NA,"Wireless","car_acc"
"472"," Dual Rapid QC 3.0 NC ",NA,0,449,899,50,1,2,"China",NA,NA,"Wireless","car_acc"
"473"," Dual Rapid-Qc Car Charger 3.0 F Nc ",NA,0,499,999,50,1,2,"China",NA,NA,"Wireless","car_acc"
"474"," Dual Rapid-Qc 3.0 Car Charger F Type C Black ",5,3,499,999,50,1,2,"China",NA,NA,"Wireless","car_acc"
"475"," Dual QC Port Rapid Car Charger 18W ",5,1,549,1299,58,1,2,"",NA,NA,"Wireless","car_acc"
"476","  Axis Type C Cable ",NA,0,499,999,50,1,NA,"China",NA,NA,"Wired","cables"
"477"," Type C A350 Cable 1.5 Meter ",5,7,200,799,75,2,NA,"",NA,NA,"Wired","cables"
"478","  Rugged V3 Micro USB 1.5 Meter  ",4.9,63,299,799,63,6,NA,"",NA,NA,"Wired","cables"
"479","  LTG 550v3 1m ",5,30,799,1999,60,1,NA,"China",NA,NA,"Wired","cables"
"480","  Flat 240 Micro USB Cable ",5,2,229,333,31,1,NA,"China",NA,NA,"Wired","cables"
"481","  Micro USB 600 ",5,1,529,999,47,1,NA,"China",NA,NA,"Wired","cables"
"482","  Type C A325 ",4.9,15,199,499,60,1,NA,"India",NA,NA,"Wired","cables"
"483","  Type C A420 Made In India ",NA,0,299,590,49,1,NA,"India",NA,NA,"Wired","cables"
"484","  Micro AXIS USB Cable ",NA,0,499,999,50,1,NA,"China",NA,NA,"Wired","cables"
"485","  Micro USB L70 Cable ",5,1,249,599,58,1,NA,"India",NA,NA,"Wired","cables"
"486","  Deuce USB 300 ",4.8,77,329,699,53,2,1,"",NA,NA,"Wired","cables"
"487","  Type C C400 ",NA,0,499,999,50,1,NA,"",NA,NA,"Wired","cables"
"488","  Micro USB 550 ",4.9,52,499,999,50,2,NA,"China",NA,NA,"Wired","cables"
"489"," Para-Armour Lightning Cable MFI Certified 1.5M  ",NA,0,1199,1999,40,3,1,"",NA,NA,"Wired","cables"
"490"," Para-Armour Micro USB 1.5 Meter  ",NA,0,399,999,60,3,1,"",NA,NA,"Wired","cables"
"491","  Micro USB Cable 2.4 A 1.5 m 150 ",5,2,199,499,60,1,NA,"China",NA,NA,"Wired","cables"
"492","  Deuce 330 ",5,2,299,699,57,2,1,"",NA,NA,"Wired","cables"
"493","  Type C L370 Cable ",4.6,5,249,599,58,1,NA,"India",NA,NA,"Wired","cables"
"494","  LTG 200 Lightning Apple MFi Certified Cable ",4.8,5,799,1590,50,1,NA,"",NA,NA,"Wired","cables"
"495","  Rugged V3 Micro USB 1.5 Meter  ",NA,0,199,799,75,6,NA,"",NA,NA,"Wired","cables"
"496","  LTG 550 v2 ",5,1,599,1999,70,1,NA,"China",NA,NA,"Wired","cables"
"497","  Micro USB 55 Made In India ",NA,0,199,499,60,1,NA,"India",NA,NA,"Wired","cables"
"498","  LTG 650  ",4,1,999,2999,67,1,NA,"",NA,NA,"Wired","cables"
"499","  Type C A750 ",4.8,12,399,999,60,2,NA,"China",NA,NA,"Wired","cables"
"500"," Para-Armour Type-C Cable 1.5M  ",NA,0,529,1499,65,3,1,"",NA,NA,"Wired","cables"
"501","  A 350 Type C Cable 1.5 Meter ",4.9,39,299,799,63,2,NA,"",NA,NA,"Wired","cables"
"502","  Type C A700 Made In India ",NA,0,499,799,38,2,NA,"India",NA,NA,"Wired","cables"
"503","  LTG 600 Apple Certified Lightning Cable 1.2 Meter  ",5,16,999,2999,67,1,NA,"",NA,NA,"Wired","cables"
"504","  Type C A600 ",5,2,599,1199,50,1,1,"China",NA,NA,"Wired","cables"
"505","Rockerz 255F  ",4.8,47,1299,2990,57,4,1,"China",1,6,"Wireless","Wireless_earphones"
"506","Rockerz Trinity  ",4.9,11,1299,2499,48,3,1,"China",1,NA,"Wireless","Wireless_earphones"
"507","Rockerz 385 V2 ",4.8,75,1999,4990,60,1,1,"China",1,40,"Wireless","Wireless_earphones"
"508","Rockerz 238 Pro  ",4.8,4,1299,1990,35,3,1,"China",1,NA,"Wireless","Wireless_earphones"
"509","102 Wireless  ",4.9,22,1099,1990,45,4,1,"China",2,15,"Wireless","Wireless_earphones"
"510","Rockerz 338  ",NA,0,1799,3990,55,5,1,"China",0.67,30,"Wireless","Wireless_earphones"
"511","Rockerz 260 v1  ",4.9,41,1199,2490,52,3,1,"China",1,NA,"Wireless","Wireless_earphones"
"512"," Rockerz 255 Neo  ",4.8,97,1299,2990,57,4,1,"China",0.75,NA,"Wireless","Wireless_earphones"
"513","Rockerz Enticer  ",5,5,1399,2990,53,3,1,"China",1,NA,"Wireless","Wireless_earphones"
"514","100 Wireless  ",4.9,82,1099,2999,63,4,1,"China",2,30,"Wireless","Wireless_earphones"
"515","Rockerz 185 Pro  ",5,1,1199,2490,40,3,1,"China",1,20,"Wireless","Wireless_earphones"
"516","Rockerz 330 Pro  ",4.9,54,1499,2990,50,5,1,"China",1,60,"Wireless","Wireless_earphones"
"517","Rockerz Bliss  ",NA,0,1299,3990,67,3,1,"China",1,NA,"Wireless","Wireless_earphones"
"518","Rockerz 258 Pro  ",NA,0,1699,2990,43,4,1,"China",1,6,"Wireless","Wireless_earphones"
"519","Rockerz Apex  ",4.8,29,1499,2499,40,3,1,"China",0.83,NA,"Wireless","Wireless_earphones"
"520","Rockerz 330  ",4.8,267,1299,2990,57,6,1,"China",0.5,30,"Wireless","Wireless_earphones"
"521","TRebel Rockerz 333  ",5,10,1599,3990,60,1,1,"China",0.67,30,"Wireless","Wireless_earphones"
"522","Rockerz 255  ",4.8,229,1299,2990,57,5,1,"China",1,6,"Wireless","Wireless_earphones"
"523","ockerz 255 ARC  ",4.8,54,1299,2499,48,3,1,"China",1,NA,"Wireless","Wireless_earphones"
"524","Rockerz 195  ",4.8,33,1099,1990,45,2,1,"China",2,15,"Wireless","Wireless_earphones"
"525"," Rockerz 245 V2 Pro  ",5,1,999,3490,71,3,1,"China",NA,NA,"Wireless","Wireless_earphones"
"526","Rockerz 185  ",4.9,26,1099,1990,45,2,1,"China",2,15,"Wireless","Wireless_earphones"
"527","TRebel Rockerz 330 Pro  ",5,7,1799,2990,40,1,1,"China",1,60,"Wireless","Wireless_earphones"
"528","Rockerz 235 Pro  ",4.9,54,849,1990,57,3,1,"China",1,NA,"Wireless","Wireless_earphones"
"529","Rockerz 235 V2  ",4.8,1074,999,2990,67,5,1,"China",1,8,"Wireless","Wireless_earphones"
"530"," Rockerz 335 ",4.8,372,1399,3990,65,5,1,"China",0.67,30,"Wireless","Wireless_earphones"
"531","Rockerz 205 Pro  ",4.9,15,999,2499,60,3,1,"",NA,NA,"Wireless","Wireless_earphones"
"532","Rockerz 109  ",4.5,20,1299,2490,48,3,1,"China",1,NA,"Wireless","Wireless_earphones"
"533"," Rockerz 255 Pro+ - Make in India ",5,6,1599,3990,60,3,1,"China",1,40,"Wireless","Wireless_earphones"
"534","Rockerz 255 Max  ",5,14,999,3999,75,3,1,"China",1,NA,"Wireless","Wireless_earphones"
"535","Rockerz 255 Pro+  ",4.8,427,999,3990,75,5,1,"China",1,40,"Wireless","Wireless_earphones"
"536","Rockerz 103 Pro  ",4.9,71,799,2490,68,4,1,"China",1,NA,"Wireless","Wireless_earphones"
"537","Rockerz 260  ",4.9,109,1299,2499,48,4,1,"China",1,NA,"Wireless","Wireless_earphones"
"538","ockerz 330 ANC  ",4.8,16,1499,5999,75,3,1,"China",1,NA,"Wireless","Wireless_earphones"
"539","Rockerz 255 KKR Edition  ",4.8,5,1099,2990,63,1,1,"China",NA,6,"Wireless","Wireless_earphones"
"540","Rebel Rockerz 255 Pro  ",5,4,1399,3499,60,4,1,"China",1,6,"Wireless","Wireless_earphones"
"541","Rockerz 245 Pro  ",4.8,18,899,2499,64,4,1,"China",1,NA,"Wireless","Wireless_earphones"
"542","Rockerz 378  ",4.9,17,1299,2990,57,4,1,"Vietnam",0.5,25,"Wireless","Wireless_earphones"
"543","Trebel Rockerz 255 Pro+  ",4.8,40,999,3990,75,2,1,"China",1,40,"Wireless","Wireless_earphones"
"544","Rockerz 255 Touch  ",NA,0,1499,2990,50,3,1,"China",1,NA,"Wireless","Wireless_earphones"
"545","Rockerz 238  ",NA,0,1299,2990,57,4,1,"China",1,6,"Wireless","Wireless_earphones"
"546","Rockerz 80 Pro  ",4.5,18,1499,3990,62,3,1,"China",1,NA,"Wireless","Wireless_earphones"
"547","Rockerz 255 Pro  ",4.8,384,1099,3499,69,5,1,"China",1,6,"Wireless","Wireless_earphones"
"548","Rockerz 261  ",4.8,68,1199,4990,76,2,1,"China",2,NA,"Wireless","Wireless_earphones"
"549","ockerz 215  ",NA,0,1199,2490,52,2,1,"China",1,8,"Wireless","Wireless_earphones"
"550","Rockerz 255 Pro Made in India ",4.9,24,1399,3499,60,2,1,"India",1,6,"Wireless","Wireless_earphones"
"551","Rockerz 275 V2  ",5,7,1899,2990,36,4,1,"China",1,8,"Wireless","Wireless_earphones"
"552","Rockerz 245 V2  ",4.8,207,1099,2990,63,5,1,"China",1,8,"Wireless","Wireless_earphones"
"553","103 Wireless  ",4.7,66,1199,1990,40,4,1,"China",2,15,"Wireless","Wireless_earphones"
"554","Rockerz 258 Pro+ ",4.6,25,1599,3990,60,3,1,"China",1,40,"Wireless","Wireless_earphones"
"555","Nirvana 525ANC  ",4.9,41,2799,4990,44,3,1,"Vietnam",0.67,NA,"Wireless","Wireless_earphones"
"556","Rockerz 103 V2 Pro  ",4.7,7,1299,3490,63,3,1,"China",0.75,NA,"Wireless","Wireless_earphones"
"557","Rockerz 333 - Made in India  ",4.9,14,1599,3990,60,1,1,"India",0.67,30,"Wireless","Wireless_earphones"
"558","Rockerz 195V2 Pro  ",4.5,11,999,3490,71,3,1,"China",0.75,NA,"Wireless","Wireless_earphones"
"559","Rockerz 330 - Make in India ",5,9,1599,2490,36,1,1,"India",0.5,30,"Wireless","Wireless_earphones"
"560","Rockerz 333  ",4.9,189,1199,3990,70,4,1,"China",0.67,30,"Wireless","Wireless_earphones"
"561","Rockerz 375  ",4.9,13,1499,3990,62,4,1,"China",0.5,20,"Wireless","Wireless_earphones"
"562","Rockerz 235 v2  ",4.8,19,1199,2990,60,1,1,"India",1,8,"Wireless","Wireless_earphones"
"563","Rockerz 333 Pro  ",4.9,166,1399,2990,53,4,1,"China",1,60,"Wireless","Wireless_earphones"
"564","TRebel Rockerz 235 V2  ",4.8,21,1199,2990,60,3,1,"China",1,8,"Wireless","Wireless_earphones"
"565","Rockerz 333 Pro  ",5,9,1399,2990,53,2,1,"China",1,60,"Wireless","Wireless_earphones"
"566","ockerz 333 ANC  ",5,52,1699,5999,72,3,1,"China",1,NA,"Wireless","Wireless_earphones"
"567","ockerz 265 V2 ",NA,0,1199,2990,60,3,1,"China",0.67,20,"Wireless","Wireless_earphones"
"568","Rockerz 111  ",4.5,26,1299,2490,48,3,1,"",NA,NA,"Wireless","Wireless_earphones"
"569"," Energyshroom PB10  ",5,1,949,1999,53,2,1,NA,NA,NA,"NA","PowerBank"
"570","  EnergyShroom PB255 ",NA,0,1399,2990,53,3,1,NA,NA,NA,"NA","PowerBank"
"571","Energyshroom PB300 Avenger Edition  ",NA,0,1099,2999,63,1,1,NA,NA,NA,"NA","PowerBank"
"572","Energyshroom PB08 ",NA,0,799,1999,60,3,1,NA,NA,NA,"NA","PowerBank"
"573","Energyshroom PB300 Black Panther Edition  ",NA,0,1099,2999,63,1,1,NA,NA,NA,"NA","PowerBank"
"574"," EnergyShroom PB200 ",5,1,1199,2490,52,3,1,NA,NA,NA,"NA","PowerBank"
"575","EnergyShroom PB300  ",4.5,18,1099,2999,63,4,1,NA,NA,NA,"NA","PowerBank"
"576"," Energyshroom PB9  ",5,2,949,1999,53,1,1,NA,NA,NA,"NA","PowerBank"
"577"," EnergyShroom PB250 ",NA,0,1399,2990,53,3,1,NA,NA,NA,"NA","PowerBank"
"578"," Energyshroom PB18  ",NA,0,1399,2499,44,3,1,NA,NA,NA,"NA","PowerBank"
"579"," EnergyShroom PB100 ",NA,0,799,1490,46,3,1,NA,NA,NA,"NA","PowerBank"
"580"," EnergyShroom PB150 ",NA,0,999,1990,50,2,1,NA,NA,NA,"NA","PowerBank"
"581"," Energyshroom PB400  ",4.6,21,1499,4499,67,2,1,NA,NA,NA,"NA","PowerBank"
"582"," EnergyShroom PB 155 ",NA,0,999,1990,50,3,1,NA,NA,NA,"NA","PowerBank"
"583"," Energyshroom PB20  ",NA,0,1099,1999,45,3,1,NA,NA,NA,"NA","PowerBank"
"584"," Energyshroom PB06 ",NA,0,599,999,40,3,1,NA,NA,NA,"NA","PowerBank"
"585"," EnergyShroom PB105 ",NA,0,799,1490,46,3,1,NA,NA,NA,"NA","PowerBank"
